,danceability,energy,valence,tempo,loudness,mode,key,acousticness,instrumentalness,liveness,speechiness,duration_ms,popularity
1940,0.083526588,0.052393769,0.055799404,0.057111421,0.066850465,0.126102736,0.075860749,0.069658407,0.083929563,0.08029388,0.138259178,0.062942048,0.047271791
1950,0.062045534,0.13213941,0.086454882,0.024432055,0.063639466,0.054786246,0.091982202,0.074481547,0.14273175,0.022319464,0.158663112,0.028543873,0.057780459
1960,0.105867731,0.089192583,0.096831773,0.073727259,0.085509642,0.045241974,0.060504948,0.084642732,0.069619751,0.077513456,0.060914625,0.118065088,0.032368439
1970,0.081786614,0.070496308,0.100499848,0.078837445,0.09003982,0.098090957,0.066971905,0.042404489,0.071361654,0.089450063,0.047830959,0.064054309,0.098175629
1980,0.067325515,0.0318515,0.053311941,0.089717083,0.098889583,0.118365653,0.055777204,0.045988079,0.077355393,0.148426312,0.068397723,0.075926002,0.068668013
1990,0.075889378,0.059525987,0.082816894,0.059447777,0.091878722,0.059604016,0.068639784,0.069032478,0.113439402,0.065979068,0.092418004,0.070585676,0.090742813
2000,0.081786614,0.070496308,0.100499848,0.078837445,0.09003982,0.098090957,0.066971905,0.042404489,0.071361654,0.089450063,0.047830959,0.064054309,0.098175629
2010,0.078956613,0.083402344,0.061829505,0.047208958,0.077313069,0.06179396,0.079058397,0.074768464,0.04976946,0.129407299,0.066814426,0.094066219,0.095611285
